{
    "rf": {
        "name": [
            "RandomForestClassifier"
        ],
        "accuracy": [
            0.9291642929137999
        ],
        "precision": [
            0.9276222984622351
        ],
        "recall_score": [
            0.9313528352363134
        ],
        "f1_score": [
            0.929483823683384
        ]
    },
    "xg": {
        "name": [
            "XGBClassifier"
        ],
        "accuracy": [
            0.8922126298260222
        ],
        "precision": [
            0.9175859952002678
        ],
        "recall_score": [
            0.8624259061740484
        ],
        "f1_score": [
            0.8891512835304298
        ]
    }
}