{
    "rf": {
        "name": [
            "RandomForestClassifier"
        ],
        "accuracy": [
            0.9301196371444849
        ],
        "precision": [
            0.9296714041275274
        ],
        "recall_score": [
            0.9310206151317515
        ],
        "f1_score": [
            0.9303455204647709
        ]
    },
    "xg": {
        "name": [
            "XGBClassifier"
        ],
        "accuracy": [
            0.8922126298260222
        ],
        "precision": [
            0.9175859952002678
        ],
        "recall_score": [
            0.8624259061740484
        ],
        "f1_score": [
            0.8891512835304298
        ]
    }
}