{
    "rf": {
        "name": [
            "RandomForestClassifier"
        ],
        "accuracy": [
            0.9297602874797318
        ],
        "precision": [
            0.9288716794865086
        ],
        "recall_score": [
            0.9311779825497019
        ],
        "f1_score": [
            0.9300234012084804
        ]
    },
    "xg": {
        "name": [
            "XGBClassifier"
        ],
        "accuracy": [
            0.8922126298260222
        ],
        "precision": [
            0.9175859952002678
        ],
        "recall_score": [
            0.8624259061740484
        ],
        "f1_score": [
            0.8891512835304298
        ]
    }
}